{
  "prepare_queue": {
    "installed": [],
    "uninstalled": []
  },
  "config_munge": {
    "files": {}
  },
  "installed_plugins": {
    "cordova-plugin-contacts": {
      "PACKAGE_NAME": "io.csm3103.lab3"
    }
  },
  "dependent_plugins": {},
  "modules": [
    {
      "file": "plugins/cordova-plugin-contacts/www/contacts.js",
      "id": "cordova-plugin-contacts.contacts",
      "pluginId": "cordova-plugin-contacts",
      "clobbers": [
        "navigator.contacts"
      ]
    },
    {
      "file": "plugins/cordova-plugin-contacts/www/Contact.js",
      "id": "cordova-plugin-contacts.Contact",
      "pluginId": "cordova-plugin-contacts",
      "clobbers": [
        "Contact"
      ]
    },
    {
      "file": "plugins/cordova-plugin-contacts/www/convertUtils.js",
      "id": "cordova-plugin-contacts.convertUtils",
      "pluginId": "cordova-plugin-contacts"
    },
    {
      "file": "plugins/cordova-plugin-contacts/www/ContactAddress.js",
      "id": "cordova-plugin-contacts.ContactAddress",
      "pluginId": "cordova-plugin-contacts",
      "clobbers": [
        "ContactAddress"
      ]
    },
    {
      "file": "plugins/cordova-plugin-contacts/www/ContactError.js",
      "id": "cordova-plugin-contacts.ContactError",
      "pluginId": "cordova-plugin-contacts",
      "clobbers": [
        "ContactError"
      ]
    },
    {
      "file": "plugins/cordova-plugin-contacts/www/ContactField.js",
      "id": "cordova-plugin-contacts.ContactField",
      "pluginId": "cordova-plugin-contacts",
      "clobbers": [
        "ContactField"
      ]
    },
    {
      "file": "plugins/cordova-plugin-contacts/www/ContactFindOptions.js",
      "id": "cordova-plugin-contacts.ContactFindOptions",
      "pluginId": "cordova-plugin-contacts",
      "clobbers": [
        "ContactFindOptions"
      ]
    },
    {
      "file": "plugins/cordova-plugin-contacts/www/ContactName.js",
      "id": "cordova-plugin-contacts.ContactName",
      "pluginId": "cordova-plugin-contacts",
      "clobbers": [
        "ContactName"
      ]
    },
    {
      "file": "plugins/cordova-plugin-contacts/www/ContactOrganization.js",
      "id": "cordova-plugin-contacts.ContactOrganization",
      "pluginId": "cordova-plugin-contacts",
      "clobbers": [
        "ContactOrganization"
      ]
    },
    {
      "file": "plugins/cordova-plugin-contacts/www/ContactFieldType.js",
      "id": "cordova-plugin-contacts.ContactFieldType",
      "pluginId": "cordova-plugin-contacts",
      "merges": [
        ""
      ]
    },
    {
      "file": "plugins/cordova-plugin-contacts/src/browser/ContactsProxy.js",
      "id": "cordova-plugin-contacts.ContactsProxy",
      "pluginId": "cordova-plugin-contacts",
      "merges": [
        "navigator.contacts"
      ]
    }
  ],
  "plugin_metadata": {
    "cordova-plugin-contacts": "3.0.1"
  }
}
